Polisi,Ekonomi,kesehatan,teknologi,infrastruktur,Pendidikan,masalah umum korupsi
patroli,bisnis,dokter,komputer,jalan,sekolah,suap
penegak hukum,keuangan,rumah sakit,internet,jembatan,guru,penyalahgunaan wewenang
kepolisian,pasar,obat,ponsel,bandara,pelajaran,nepotisme
seragam,perdagangan,penyakit,aplikasi,pelabuhan,siswa,kolusi
lalu lintas,investasi,pencegahan,perangkat lunak,kereta api,universitas,pencucian uang
keamanan,laba,imunisasi,perangkat keras,listrik,ilmu pengetahuan,penipuan
investigasi,rugi,nutrisi,jaringan,air bersih,belajar,penggelapan
,saham,olahraga,inovasi,telekomunikasi,buku,penyelewengan
,bursa,gizi,digital,transportasi,kurikulum,perkongsian˜jahat
,manajemen,Bangunan,elektronik,bangunan,nilai,penyuapan
,,,,,,Pemasaran
