anjir,-3
putus jiwa,-5
kecil hati,-4
bodo,-5
menggalakkan memanas-manasi,-3
ngambek,-5
terbalik akal,-4
tidak masuk akal,-4
gangguan jiwa,-4
gila-gila,-4
sedeng,-2
serem,-5
sakit jiwa,-4
sinting,-5
gila,-4
sakit ingatan,-4
sesat akal,-2
mentolo,-2
bosen,-4
bersusah hati,-5
tersingkir,-5
roboh,-5
terjeblos,-4
mengelukan,-2
tae,-4
gaboleh,-4
keonaran,-5
kepedihan,-5
kesialan,-5
php,-4
kosong,-4
bajing,-5
menghinakan,-5
iri,-4
panas hati,-5
terhenti,-3
mabok,-4
iri,-5
merugi,-5
kerumitan,-5
memperkeruh,-4
kekusutan,-4
keruwetan,-4
teledor,-5
pucat,-4
rasisme,-5
bodoamat,-4
error,-5
acuh tak acuh,-3
tai,-5
masa bodoh,-4
kampret,-5
jin,-3
setan,-4
durhaka,-5
kesal,-5
iblis,-4
menantang,-4
bohong,-5
oon,-5
anjing,-4
modus,-3
bobrok,-5
kekurangan,-3
penghinaan,-5
cemooh,-5
mengumpat,-4
mencemooh,-5
melecehkan,-5
kejelekan,-5
mengejek,-4
perundungan,-4
membenci,-5
kekejian,-5
kebobrokan,-4
jahad,-4
monyet,-3
mampus,-5
stress,-5
ngenes,-4
mati,-5
jahanam,-5
idiot,-5
bacot,-4
bersalah,-4
jijik,-5
putus,-5
nyakitin,-5
najis,-4
diblock,-4
bocor,-4
dibully,-5
kontol,-5
pelecehan,-5
syahwat,-2
tinggikan,-2
penat,-2
nyinyir,-4
bercerai-berai,-5
igau,-3
kenapasih,-3
nyesek,-4
rahasia,-2
anjay,-3
penyumbat,-3
letih,-3
ucek,-3
lelah,-3
gila,-5
tamat,-4
tersingkap,-3
balesnya,-2
pantesan,-2
erotis,-4
curi,-5
beperkara,-4
kutuk,-5
hilang ingatan,-4
anjuran,-2
bersitegang,-4
teriak,-2
cegah,-2
mengerem,-2
tiri,-2
rabies,-4
emosi,-4
teriakan,-4
mengutil,-4
keteledoran,-4
menjarah,-4
menjarak,-3
perpegangan,-2
keinget,-2
sumpah,-3
menghambat,-3
menyakitkan,-4
asam,-2
mengaur,-3
traumatis,-4
pingsan,-3
latihan,-2
mengekang,-4
mencomot,-4
tembak-menembak,-5
tenggelem,-3
genangan,-2
menderita,-5
nyamuk,-1
berkeras hati,-3
dibuang,-3
bad,-4
menanggung,-2
seram,-4
pemisah,-3
idih,-3
memperbandingkan,-3
blokir,-3
perkutut,-3
ngeri,-4
egois,-5
kubang,-3
abg,-2
meninggi,-2
hama,-3
hambat,-4
digituin,-2
nyariin,-2
ngarep,-2
ngeluh,-4
sisa,-4
dimakan,-2
menggelapkan,-4
bolong,-3
awal,-2
merinding,-3
rinding,-3
tembam,-4
tersentuh,-2
kontaminasi,-4
hate,-5
dalem,-2
salahku,-4
kelembaman,-3
tempik,-4
tendang,-3
penghabisan,-3
desah,-3
cuekin,-3
pikun,-4
kelu,-3
tinggalkan,-3
miris,-4
primitif,-4
typonya,-3
berburu,-3
merampok,-5
ringkus,-5
membesar,-2
diketawain,-4
nyeri,-4
hack,-4
terminasi,-3
sedih,-5
henti,-4
melupai diri,-3
pengeluaran,-3
dikangenin,-2
gapuk,-3
membendung,-3
nyerah,-3
merebut,-3
edan,-3
jerit,-3
merampas,-4
nabrak,-4
menilap,-4
pekik,-5
ngiler,-3
maghrib,-2
mencatut,-3
sebab,-2
mencaplok,-3
rindunya,-2
meramalkan,-2
ingetin,-2
menggemparkan,-2
membopong,-3
seksi,-3
addict,-3
fail,-5
endus,-3
pendek,-2
kepindahan,-3
duet,-2
guram,-2
diusir,-4
tekanan mental,-4
menghirukkan,-4
mewek,-5
trauma,-5
unmood,-3
membekap,-3
ngerasain,-2
ejekan,-4
bajak,-4
memusingkan,-4
week,-4
menggodai,-3
gajih,-2
ketinggian,-2
bermohon,-2
bolos,-3
hiruk-pikuk,-3
pengguguran,-3
olok-olok,-5
terperengah,-3
mantannya,-3
mengumbar,-3
krg,-2
berkabut,-3
layuh,-3
kelainan,-4
unfollow,-2
risiko,-3
kedinginan,-3
ancaman,-4
batuk,-4
sembarangan,-4
ngadepin,-2
dalang,-3
menggegerkan,-3
mengacau,-4
pinggul,-3
tumben,-2
kurusuhan,-4
sindiran,-3
redup,-3
kentut,-2
mainin,-2
musuhan,-4
qada,-2
gabakal,-4
abu-abu,-2
hoax,-5
emergensi,-4
seenaknya,-4
muak,-5
mual,-5
memburu,-4
acak-acakan,-5
close,-2
menegur,-3
menyusahkan,-5
meributkan,-4
tbc,-3
shy,-3
mencemaskan,-3
paranormal,-2
merecoki,-3
demo,-3
lost,-3
gangguin,-3
melankolis,-2
kabut,-2
kabur,-2
protes,-3
melupakanmu,-3
mengusili,-3
jealous,-3
ketularan,-4
grogi,-4
keburukan,-5
batuk kering,-3
berpasrah,-2
tauk,-3
mengganggu,-4
tersengal-sengal,-4
kejut,-3
gelegak,-3
malapateka,-3
debar,-3
menghebohkan,-3
membolos,-3
kegedean,-2
muram,-4
sotoy,-4
ampuni,-2
derai,-3
nyalahin,-4
mafia,-5
sesambat,-3
benci,-5
enek,-4
gaakan,-2
keterlaluan,-5
penutupan,-2
terkapah-kapah,-2
kecelakaan,-5
menjahili,-3
menggerecoki,-4
kolera,-4
ganjal,-3
guncangan,-2
tandanya,-2
sogok,-4
penyimpangan,-4
bhay,-3
bersimbah,-3
saum,-2
cacing karawit,-3
ringkas,-2
yalord,-2
cemeti dewa,-2
nyesal,-4
narkotika,-4
syedi,-4
standar,-2
bangett,-2
beud,-2
gagah,-1
cabean,-3
tiduran,-2
menyunu,-2
senengnya,-1
kuyup,-3
mengalami,-3
berkelir,-3
berhati-hati,-2
ditolak,-4
zalim,-5
bobroq,-4
anjer,-3
memek,-5
dilarang,-3
gblk,-4
umpatan,-4
sedihhh,-5
bersedih,-5
terror,-5
kedaluwarsa,-3
nusuk,-3
kepanikan,-4
bencong,-5
pitnah,-3
ngomel,-4
neraka,-5
biadab,-5
masalah,-4
bertumpuk,-4
menyogok,-5
binasa,-5
mencelampakkan,-3
mencuri,-5
berkecamuk,-4
diancurin,-3
tersapu,-3
kapok,-3
gabaik,-3
nyampah,-4
boker,-3
merogok,-3
rosak,-3
kejam,-4
rontok,-3
banyol,-3
bermusuhan,-4
anjeng,-5
anjis,-1
anjg,-5
ngeles,-3
jutekin,-5
meledak,-4
bagal,-3
anjlok,-4
haters,-5
berdosa,-4
nyiksa,-4
cabul,-5
menggores,-3
pedih,-4
suudzon,-4
keroyok,-4
jelek,-5
rusak,-4
hilang,-4
buruk,-5
dengu,-3
susah,-3
cibir,-5
lupa diri,-3
sampah,-4
keras hati,-3
hina rendah,-3
gugur,-3
susah hati,-5
busuk,-5
hina aib,-4
maki,-5
tolak,-4
bandel,-5
sepele,-4
jarah,-4
suntuk,-4
aniaya,-4
banting,-3
dosa,-4
ejek,-4
rampok,-5
parah,-5
siksa,-5
bisu,-3
kurang,-3
aneh,-4
porno,-5
risi,-3
beromong kosong,-4
membasmi,-5
mencegat,-3
merancukan,-4
unjuk rasa,-3
membuang,-4
menjauh,-3
kusut hati,-5
merobek,-4
judes,-4
membohong,-4
fakir,-5
kerusuhan,-5
iri hati,-5
(tua) uzur,-3
geblek,-5
terbakar,-5
mengotori,-5
cemomot,-4
soak,-5
menghujat,-4
menyakar,-5
aborsi,-3
menjatuhkan,-4
narkotik,-3
koyak,-3
mempersakiti,-5
benjut,-4
terbuni,-5
penyangkal,-4
coleng,-4
terpangah,-4
tindih,-4
(olahraga) bokser,-5
sano,-4
keset,-4
hemat,-3
lebar mulut,-4
ambles,-4
konglomerasi,-4
prapendapat,-3
menunjang,-3
memapas,-5
abses,-4
berhandai-handai,-3
jawatan,-3
geriap,-4
bersara,-3
serampu,-3
candala,-5
batel,-4
tumpat,-4
berjejak,-3
degil,-5
masyhur,-5
dangkar,-4
talak,-3
kedengkian,-5
berbahaya,-4
mengguguk,-5
inisiator,-4
harus,-5
pergi,-3
menggiatkan,-4
cucup,-3
menebeng,-3
kepala angin,-3
berasak,-3
menyelundupi,-3
kusut pikiran,-4
galas,-4
temporer,-4
kocar-kacir,-5
sambungan jiwa,-3
degub,-3
desak,-4
laknat,-5
pikiran tumpul,-3
bergema,-4
siratan,-3
epidemi,-5
minta,-3
bacok,-4
kesepakatan,-4
desau,-3
jenewer,-4
mencium,-3
mengernai,-4
nistaan,-5
berkemandang,-3
separuh,-3
keloyoan,-3
gerah,-5
menyekar,-4
tertangguh,-3
beringat,-3
hingar,-5
wreda,-4
petus,-3
loksek,-4
mencemari,-4
mencopet,-5
daing,-4
kongkong,-3
sara bara,-5
rapun,-5
eban,-4
tuhmah,-3
perit,-4
merasuk hati,-3
minus,-3
erotan,-4
se-sat pusat,-4
menyikut,-5
desersi,-3
penobatan,-3
setengah,-3
direksi,-3
tercampak,-5
kebimbangan,-4
pangkur,-4
bablas,-5
somplak,-4
memamah,-4
iming-iming,-3
kembang-kempis,-4
menyabet,-5
kegegeran,-3
menyeterui,-5
merumung,-3
mengembat,-5
derek,-5
mata betung,-3
hasud,-5
koteng,-3
hulu,-3
kesukaran,-4
pembantah,-4
meninggalkan,-4
semuanya,-3
patah pucuk,-5
terbenam,-5
kesenyapan,-4
penggelapan,-4
telerang,-3
permusuhan,-5
terasing,-5
digresi,-4
penyap,-3
celomes,-4
semrawut,-5
atresia,-3
menjejaki,-4
lopak,-4
membahana,-3
bersurai,-3
asid,-5
menggoyang,-3
rangkap,-3
lekukan,-3
langsuir,-4
random,-4
menakali,-4
pupus,-5
dukun,-3
mengharubirukan,-4
irsyad,-3
rurut,-5
gelantung,-4
diplomasi,-5
buram,-3
pengintai,-3
menginapkan (jenazah),-3
carik,-5
terpaksa,-4
terbelakang,-3
bertimbal,-3
mencerca,-5
pelana,-3
buras,-4
tamparan,-3
berpoleng,-3
membekam,-4
tipu muslihat,-5
menyeluk,-3
jungkal,-5
jengkang,-5
inferioritas,-5
mencakar,-4
menampak,-4
beringas,-4
rudin,-5
memarak,-3
vampir,-5
menggaet,-5
pincang,-4
indolensi,-4
bercakar-cakaran,-4
dekadensi,-5
ambruk,-5
rubuh,-5
pawana,-4
berambu-rambu,-4
menghalang,-4
cemar,-5
lekat,-3
lekas,-3
lekap,-3
cemat,-5
bunting,-3
disentri,-5
bertingkat,-4
kemerosotan,-5
gabas,-5
kohor,-3
berlebih-lebih,-4
inteligen,-4
gunjingan,-5
berjubal,-3
pongsu,-4
tatah-tatah,-5
anarki,-4
menyelami,-5
mencepung,-5
azab,-5
menegah,-5
menyumpahi,-5
dabih,-3
menyisikan,-4
pinak,-3
cempeng,-4
linguis,-3
perguaman,-4
telimpuh,-3
dangkung,-3
menyurut,-3
mengadili,-4
membual,-4
awa-,-3
bergulat,-4
penyigian,-3
mengagumkan,-5
jambak,-5
cekah,-4
berlanggaran,-4
melunyah,-3
cepol,-4
lemau,-4
melepas,-5
cekat,-4
simpang-siur,-4
penengah,-3
menjebol,-3
menyetrap,-3
subversif,-4
menyembarangi,-5
menimang-nimang,-3
juwita,-4
tersimbah,-5
tersila,-3
tambeng,-5
anyir,-4
penghormatan,-3
berdekus,-3
madani,-4
menganggur,-4
berdikit-dikit,-3
semprot,-5
reguk,-3
seluruhnya,-3
jelata,-5
selia,-4
senang,-4
memejalkan,-3
kendati,-3
tunggang gunung,-4
pengasih,-4
gembung,-3
melindur,-3
tuntut,-3
beredak,-5
semena-mena,-5
kedung,-3
antek,-3
bancang,-5
tertumbuk,-4
tawon,-3
terisolasi,-3
putus akal,-5
ringan lidah,-4
menyerempakkan,-3
terperosok,-5
menebuk,-3
ain,-5
topek,-4
serak,-4
terlengar,-4
aib,-5
frustasi,-3
penyemat,-4
ganggang,-3
wafat,-5
peniadaan,-3
penolak,-3
geluduk,-3
papakerma,-5
istan,-5
buang air besar,-5
tongong,-3
tuntunan,-3
kecapekan,-3
inventori,-3
melabrak,-5
sedikit,-4
khinzir,-4
curna,-5
menghuni,-3
merayapi,-3
mendemonstrasikan,-4
cuka belanda,-5
mengalihkan,-5
berdampingan,-3
menggeletar,-4
raib,-3
terbongkar,-3
pandir,-5
mengantarai,-3
kelam kabut,-4
bertambun,-3
topo,-5
menyunat,-5
melawat,-4
mengantara,-3
duaja,-3
bergemam,-3
menanggungkan,-5
berandalan,-5
melibas,-4
berselawat,-3
pangsa,-3
pica,-4
meriba,-3
menyengat,-4
kanun,-3
menggugat,-4
boyak,-5
lucah,-5
cekang,-3
gondok,-4
ambai,-5
sangat,-5
gendak,-5
dalalah,-5
kecintaan,-3
bertimpa-timpa,-3
sewal,-5
gosip,-5
muncul,-3
tungku,-4
ambau,-5
pukang,-3
terbang arwah,-4
mengungkapkan,-4
memanaskan,-4
ruat,-4
membantai,-4
plonga-plongo,-3
keropos,-3
rangkai,-4
bertindak,-4
membantar,-4
ruai,-4
ruak,-4
pagebluk,-5
canggung,-4
tergeliat,-3
lenggana,-4
merangkam,-4
gegadan,-5
kicauan,-4
mengucur,-3
merangkak,-3
banyak mulut,-4
mengorok,-3
percekcokan,-4
laporan,-5
unting,-5
ambiguitas,-5
menyampingkan,-4
mencarak,-3
celetuk,-5
ledekan,-5
rumor,-5
aram,-3
menimangkan,-3
jelingah,-3
dengus,-3
dengut,-3
berlaga,-4
nasihat,-3
kerawanan,-4
murup,-3
lasat,-5
congor,-3
menegapkan,-3
sederhana,-5
jentaka,-5
macis,-4
amor,-4
dedak,-3
perosok,-4
jereket,-3
salin,-3
beranak pinak,-3
menggelorakan,-4
menjemukan,-3
sedat,-4
bonggol,-4
sebelah,-4
bersusila,-4
berliku-liku,-4
bersaba,-3
penyatuan,-4
runtun,-5
meredam,-4
mendoa,-3
geser,-5
birokrat,-3
(barang) bekas,-4
memihakkan,-4
elusan,-3
tegar,-4
huni,-3
datang hati,-5
gegabah,-5
instruksi,-3
sadis,-5
bertelingkah,-4
sarak,-3
kandas,-5
berlarian,-5
mendompleng,-3
menitis,-3
berkisar,-3
loakan,-4
dekaden,-5
bukti,-3
berkemih,-3
menabrak,-3
dungkul,-4
sia-sia,-4
kerok,-3
potol,-4
aliansi,-4
riba,-3
luak,-3
hantam,-5
penanda,-3
menjapit,-4
merosok,-3
berkeberatan,-4
ujung tangan,-4
encok,-5
otek,-4
mulut rambang,-4
anggara,-4
merecok,-4
penindihan,-4
gili-gili,-3
berurine,-3
pengebat,-3
mendedahkan,-4
armada,-5
terkutuk,-5
memenangi,-5
gamang,-3
merembes,-3
melemah,-3
kesetanan,-3
melepaskan,-5
vakum,-3
menolak,-4
faring,-5
bergemuruh,-3
ramai,-5
pelontar,-3
berhanyut,-4
bersanggit,-5
esensial,-4
menghabiskan,-4
menampakkan,-4
bercumbu,-4
tidak keruan,-3
duel,-4
curang,-5
lewat batas,-4
tengak,-4
dampak,-3
tengkar,-4
meragukan,-3
layu,-4
balela,-4
memergoki,-5
merua,-4
cacau,-5
inspirasi,-3
beramuk-amukan,-4
setuju,-3
petir,-3
berbelit-belit,-4
lusuh,-5
galaba,-5
bertunjangkan,-4
pental,-3
paruh,-3
darurat,-4
geming,-4
hangit,-5
gepok,-5
kesentuhan,-3
kungkungan,-3
ajar,-3
luwes,-4
acoan,-5
merundung,-4
parut,-3
panar,-3
oyok,-3
cingangah,-4
bertele-tele,-3
menyerap,-3
hilang pikiran,-4
getol,-3
mengebiri,-3
merapatkan,-3
batil,-4
ketelanjuran,-5
siksaan,-5
setip,-3
kalimantang,-3
salah urat,-3
menempati,-3
bermotif,-3
jeritan,-5
berziarah,-4
adimarga,-4
menyolang,-3
terkelik,-3
berogak-ogak,-4
pusu,-4
terpotong,-3
empedal,-5
memindahkan,-5
cecunguk,-5
tulah,-3
barkas,-5
bercanda,-4
iring-iringan,-4
memalak,-4
kumandang,-3
turunan,-3
kacrek,-3
ametis,-4
segi,-4
menangkap tangan,-5
batalion,-5
berasimilasi,-3
reyot,-3
terjumpa,-4
kemasygulan,-3
bengok,-4
hujung,-3
inklinasi,-3
menasihatkan,-3
mengistimewakan,-3
berpencar,-5
huma,-4
demen,-3
memperolahkan,-4
menyentak,-5
sakit hati,-3
jeri,-3
gabungan,-5
tertawan,-3
tersisih,-5
membangunkan,-4
depak,-3
bertabrakan,-4
halilintar,-3
cekung,-4
memecatkan,-5
pelet,-3
konkretisasi,-3
menyeramkan,-4
persengketaan,-4
omong,-4
mendalam,-3
mengejawantah,-3
berbondong-bondong,-3
menjepit leher,-4
tebaran,-3
menyerobot,-5
menghamuni,-5
tidak bekerja,-4
jerum,-4
skors,-3
cetera,-4
melesap,-3
tertancap,-3
detektif,-3
lompong,-5
berpucuk,-4
beralasan,-4
memakan,-4
cimeng,-3
baku,-3
menjotos,-3
rasionalitas,-4
bangsal,-3
meraban,-4
memaling,-5
menular,-4
saya,-3
jilid,-5
bidas,-5
mencerat,-3
bercekit,-4
pembungkus,-3
berderum,-4
goblok,-5
menceluk,-3
cakap,-4
mengirikan,-4
angkat topi,-4
melanggar,-5
memuaskan,-5
berpasuk,-3
percaturan,-3
dengkur,-3
rua,-4
menumang,-4
terulur lidah,-5
sewenang-wenang,-5
maula,-4
menyeluruhi,-3
ledes,-3
berhamburan,-5
galian,-3
sebaran,-3
nikah,-3
ceku,-5
dengkul,-3
cabut,-5
kemurungan,-5
sementung,-5
miring,-4
tumbang,-5
bondot,-5
undian,-5
pejajaran,-4
menguatkan,-3
peminta-minta,-4
meruok,-5
berkecai,-5
legalitas,-3
memilin,-5
rambang,-5
kaidah,-4
kata-,-4
bucu,-3
mengalahkan,-4
popokan,-4
kencan,-4
germo,-5
cerai,-4
begundal,-3
mengukuhkan,-3
memendek,-3
meruyup,-4
kebat,-3
menggelecik,-3
mendung,-3
liang sanggama,-4
gelinjang,-3
kebas,-3
kerja keras,-5
musyawarah,-3
sawat,-5
tingkah,-5
membayankan,-4
bendel,-5
koplo,-3
menyingkirkan,-4
papar,-3
dalil,-3
papak,-3
enyah,-4
merosot,-5
capit,-3
rencana,-4
menceracau,-3
malas,-4
repot,-5
kemik,-3
fasilitas,-4
bombastis,-3
bencat,-5
terkikis,-3
apiun,-3
mengkhianati,-5
bedegong,-4
iba,-5
calar,-3
flu,-3
beruntun,-3
membawang,-5
ranap,-5
mencagun,-3
biut,-5
andeka,-3
membanting,-4
dahsyat,-5
mungkir,-5
becus,-4
terzalimi,-5
kisruh,-3
memedi,-4
bapet,-4
berak,-4
akidah,-3
rayu,-4
imbang,-3
senging,-5
setimbang,-3
mengirik,-3
juragan,-4
mengiris,-4
vital,-4
begu,-4
bertikai pangkai,-4
harap-harap cemas,-3
warita,-4
mempermudah,-3
merobohkan,-5
besar rabu,-3
surih,-3
apatis,-5
menyemprot,-5
beradu,-4
agen rahasia,-3
arahan,-3
bertanding,-4
otak udang,-5
terdedah,-3
meneguk,-3
loneng,-3
bertuah,-3
menadaburkan,-3
merebahkan,-3
lancang mulut,-4
merampang,-4
prinsipil,-4
mengaret,-3
corengmoreng,-4
berkelompok-kelompok,-4
kegelisahan,-4
waduk,-3
koyak-koyak,-5
wajar,-5
inheren,-4
hilang arwah,-4
mengumandang,-4
berlubang,-3
bermetamorfosis,-3
soe,-5
jeringing,-4
lucut,-3
empal,-4
apes,-5
mansukh,-4
kesulitan,-5
tuli,-3
berguguran,-3
kacek,-4
menghulu,-3
gagar,-3
rayuan,-3
gawat,-5
mengada-ada,-4
menakutkan,-4
berangkal,-3
tertenung,-3
empap,-3
bernas,-3
terpendam,-5
syair,-3
penyelewengan,-4
semok,-4
tike,-3
nujum,-4
sabak,-3
memukuli,-4
menyolot,-4
menyelubungi,-3
terbentur,-4
bertengkar mulut,-5
meligih,-4
ejakulasi,-3
sepak,-3
kelesah,-5
melindap,-3
kepayahan,-3
menyinkronkan,-3
uci-uci,-4
menyerbu,-5
menggerebek,-3
khisit,-5
gugatan,-5
berlipat,-3
menubruk,-3
sarangan,-3
kesambet,-3
sutradara,-3
kelucahan,-5
mengata-ngatai,-5
bertetesan,-3
beguk,-4
bongkak,-3
kalor,-4
batu berdahak,-4
gegap,-5
lotong,-4
memperkacaukan,-4
membantu,-4
gemaung,-3
pekak,-3
tertulang,-5
pemberadaban,-3
mencilok,-3
serpihan,-4
mengutuk,-5
hajar,-5
uang sogok,-3
tanggal,-4
buntung,-5
hajat,-5
pembatalan,-3
jorong,-3
pergabungan,-3
uang pecah,-4
desas-desus,-5
prahara,-3
memantapkan,-3
batuk darah,-4
tempelak,-5
dursila,-5
rebet,-5
menghinap-hinap,-3
pertunjukan perasaan,-3
rebeh,-5
hirap,-3
semau,-3
mendaulat,-5
terhempas,-5
hancur lebur,-5
rumit,-5
disimilaritas,-4
entak,-3
tradisional,-5
tersengut-sengut,-5
meriang,-4
sungkan,-4
angin lalu,-5
bersendikan,-4
nama buruk,-5
dongkol,-4
mengarah,-4
mengonarkan,-4
dalal,-3
rompak,-5
tunduk,-5
banyak omong,-4
someng,-4
mencibirkan,-5
menongkrongi,-3
kuat,-3
mutlak,-3
pemain,-3
menyelang,-5
eroton,-4
endemi,-5
lapuk,-5
rabak,-3
terderita,-4
mengharamkan,-3
pekikan,-5
pengunjukan,-3
kebangunan,-5
perapian,-4
hujat,-5
dengki,-5
jangkang,-5
sumpal,-3
lembeng,-4
kesalahan,-5
imam,-3
sembrono,-5
berjejas,-5
menghalai-balaikan,-4
cikun,-5
bundel,-5
surut,-4
urit,-3
bloon,-3
kubra,-5
hujah,-4
longgok,-3
cempek,-4
khair,-4
tonjok,-5
gering hulu,-4
anut,-3
berkejaran,-3
pering,-3
pengejawantahan,-3
berkasih-kasihan,-3
mencecah,-3
mempersoalkan,-4
merenungkan,-3
perbincangan,-3
tergemap,-3
penyodok,-3
mendindingi,-5
buncit,-3
kerakal,-3
lancang,-5
enggan,-5
mencengkeram,-4
tertinggal,-3
laten,-5
luluh lantak,-5
penodong,-5
sogokan,-4
fiskal,-3
bertekak,-4
perlahan-lahan,-4
onyak-anyik,-4
merembet,-4
fungsionaris,-3
perkembangan,-4
dugal,-5
recehan,-4
dobel,-3
kecemasan,-4
celemotan,-4
tanur,-4
sombong,-3
faktor,-4
persuasi,-3
welas,-3
mangau,-4
ulung,-4
seraga,-3
berterima,-3
aspiran,-5
terhunjam,-3
friksi,-5
pematang,-4
lenyap,-5
api-api,-4
gidik,-4
mesut,-4
sanggit,-3
terseret,-3
mesum,-5
sukatan,-5
golak,-5
keheningan,-4
tengking,-5
aspek,-3
amblas,-3
memomokkan,-5
fundamental,-4
abuk,-3
gunduk,-3
beta,-3
kemplang,-5
abur,-5
selap,-3
tembelang,-5
berumah tangga,-4
jebeh,-5
menikmati,-3
membabi buta,-4
menahun,-5
primer,-4
menggeligi,-4
pembangkang,-4
fulanah,-3
menyetubuhi,-3
layon,-4
baginda,-3
mengesak,-3
berhimpun,-4
membelot,-5
kilah,-4
terang akal,-4
keperihan,-5
serobot,-3
mengesan,-3
mengelakkan,-4
kerepotan,-3
tersekat,-5
mengebumikan,-3
duli,-3
menghebat,-4
melayang,-3
menyelakkan,-5
buta,-3
memfitnah,-4
nala,-3
sekop,-3
incit,-4
batung-batung,-4
gesek,-3
rongkol,-5
bertinju,-4
bersengketa,-4
keasingan,-4
sekurang-kurangnya,-3
bertahan,-4
melekat,-4
khawatir,-5
ruang,-3
kisikan,-3
menghadiahi,-3
terajang,-3
memegang,-4
masai,-4
merenyam,-3
patgulipat,-5
terali,-4
rad,-3
ijab,-4
meluluhlantakkan,-4
saja,-3
pemberontakan,-4
mengenjak,-3
beranda,-3
perus,-5
ahmak,-3
pepak,-3
ceroboh,-5
cuak,-4
bison,-3
pepat,-3
anjak,-3
anak bedil,-3
tebal hati,-5
tenggak,-3
melampau,-4
bercedera,-4
mengumpul,-3
bertumbukan,-4
mencontengkan,-3
menyatroni,-5
rasialisme,-5
terkilir,-3
gagu,-3
langking,-4
bicu,-3
dogol,-5
camping,-3
berugi,-5
mengenangkan,-3
menerbankan,-4
cutel,-4
mengamalkan,-4
mencaci-maki,-5
analitis,-4
kesejukan,-3
kepelikan,-4
inhibisi,-4
hawar,-5
himpun,-3
mengetepikan,-4
berlibat-libat,-4
tergamak,-4
tua,-4
mengubrakan,-3
susuh,-4
mengingsut,-3
cacauan,-4
belis,-4
meninju,-3
mengoyak-oyak,-4
embarau,-3
urut-urutan,-4
menyantak,-3
alobar,-4
memusnahkan,-5
menyantap,-4
berkembang biak,-3
resek,-4
colak-caling,-5
bergelut,-4
cacat,-5
buntang,-4
kerugian,-5
uring-uringan,-5
colok,-3
gedembai,-4
dupleks,-3
antusias,-3
rompeng,-4
menyagang,-3
benderang,-3
tenggan,-3
mencabarkan,-4
cabar,-4
celopar,-4
penyungkit,-3
pongah,-5
tarung,-3
mara,-4
cabuh,-3
cupet,-5
terganjal,-4
merompak,-5
konotasi,-3
keajaiban,-4
busut,-4
mangkel,-4
memacak,-4
ringan mulut,-4
main muda,-3
mengacaukan,-4
telan,-5
nyelekit,-4
balung,-4
menyelir,-5
pilon,-3
gingsir,-3
lalim,-5
menyuntik,-3
takul,-3
menebalkan,-3
merana,-4
bertaki,-3
bengkak,-4
pembalut,-3
duduk perut,-3
kesahihan,-3
hantaman,-3
kirai,-3
lembap,-4
orbit,-4
wimana,-4
peres,-3
bergontok,-4
kolot,-5
menyuapi,-3
pendamai,-3
merincukan,-4
balur,-4
mamang,-4
menyemangatkan,-3
tunjuk perasaan,-3
terpengaruh,-4
berjarak,-4
patos,-5
perkakas,-3
beralih bentuk,-3
asfal,-5
menunukan,-4
tambak,-3
berlainan,-4
mengoyak,-4
menyiar,-4
injakan,-3
hirup,-3
memble,-3
menyiat,-4
membonceng,-3
rucah,-5
penghisapan,-4
rombongan,-4
pencukuran,-4
menyelusuh,-3
tergambar,-3
kekacauan,-4
menimpuk,-5
main mata,-5
dongok,-5
jorok,-5
lebu,-3
kelambanan,-4
sekongkolan,-4
antagonisme,-4
menghindarkan,-4
bentakan,-5
becak,-5
mengkal,-4
beban,-5
sekedup,-3
memperlihatkan,-3
berserikat,-3
bertangkap,-3
ceronggah,-4
terkait,-3
cerabih,-4
anak pinak,-3
menenggang,-3
mencoblos,-3
jompo,-3
berdekatan,-4
dendeng,-4
bersedia,-3
ira,-3
gorek api,-4
safa,-4
keriuhan,-3
sembam,-4
isotop,-3
terselak,-3
keterkaitan,-3
membawa berat,-3
berproses,-3
pandai,-4
imbalan,-3
cicik,-4
mengesahkan,-3
henyak,-4
insaf,-4
pertunjukan,-3
latisan,-4
tagut,-4
pengiring,-3
bebas,-4
pemberitahuan,-3
mungkar,-4
menjejak,-4
serawak,-3
bergurau,-4
cuka jawa,-5
pemarah,-4
pegari,-3
bulevar,-4
kesendirian,-4
indusemen,-3
kacuk,-4
mencicik,-5
berkawanan,-4
jurik,-4
leta,-5
berangai,-5
persetubuhan,-3
asor,-5
mendengung,-4
teraduk,-3
sebit,-4
basmi,-5
parau,-4
menumpang,-3
ketulahan,-4
aswad,-4
menjelma,-3
terlampau,-5
berputar-putar,-4
tipeks,-3
singkat,-3
mengapkir,-4
gonjak,-5
berat kepala,-5
berdebat,-5
gontok,-4
membelai,-4
mikro,-3
menyembulkan,-3
tobak,-3
menyembam,-4
menggentarkan,-4
gombong,-3
pol,-3
pancur,-3
sementara,-4
bersipongang,-3
mencabau,-4
tolol,-5
taji,-4
musibah,-5
bergembung,-3
gemuk,-3
lombong,-3
gundukan,-4
menyulut,-4
cetek,-3
berganduh,-3
mengabulkan,-3
naas,-5
mencengkau,-4
beranak bercucu,-3
mengacak,-4
sembunyi-sembunyi,-4
bersepai,-5
manipulator,-4
iktikad,-4
cekok,-3
bercaran,-4
leburan,-3
cabau,-3
divergensi,-4
rombeng,-3
redik,-5
bongok,-3
berus,-4
sentuk,-4
menginjak,-3
bersilih,-3
meresahkan,-4
gelatak,-4
instansi,-3
kerik,-3
sempit,-4
jolak,-3
bersikukuh,-4
bersokom,-4
menghinggapi,-3
ogah-ogahan,-4
drama,-4
kenes,-3
tepu,-3
usang,-5
terpaku,-3
tarak,-3
menggigis,-4
selerang,-5
berat tulang,-4
tumor,-4
kemurkaan,-5
memusuhi,-5
jilatan,-3
bersangkal,-5
ikut-ikutan,-3
penjuru,-3
gedor,-4
waham,-3
bertelinga lembut,-3
merayah,-5
denai,-4
farak,-3
salah tingkah,-4
garu,-4
langsai,-3
mengganas,-4
menanggang,-5
kurang adat,-5
bruto,-3
celuk,-3
menyurihkan percakapan,-5
merincis,-4
berapit,-4
tatak,-4
menelaah,-5
liang,-3
condong,-5
kotoran,-5
luang,-3
mairat,-5
apit,-3
bertimbang,-3
sarit,-4
tak bernyawa,-5
kotor,-5
menggeret,-3
menyenggau,-4
menyenggak,-5
kacip,-3
seksualitas,-5
sarik,-3
membayar,-3
tersia-sia,-3
mengobarkan,-4
cena,-3
pendusta,-4
terberak,-5
ketahuan,-5
mencuca,-5
antap,-5
menikam,-4
embek,-3
rongga,-3
landasan (pesawat udara),-4
tutur,-4
berlarat-larat,-4
bidai,-4
konkurensi,-4
delegasi,-4
pantas,-5
mengisbatkan,-3
tinja,-5
lawan,-4
pengar,-4
ikan kena tuba,-4
ceriwis,-4
kutut,-3
genjang,-4
filo,-3
pergesekan,-4
berbabil,-4
menghapus,-4
pemupusan,-3
jajal,-4
abolisi,-3
compes,-4
kelipar,-4
jerepet,-3
menghunjam,-4
peletan,-3
aparatus,-3
gembel,-5
menyungguhkan,-3
menagih,-3
kacangan,-4
lengah,-4
berjauh hati,-3
conteng,-3
tertumbuk akal,-5
lengas,-4
terlepas,-5
gurauan,-4
kharab,-5
keputusasaan,-5
palat,-5
validitas,-3
penyinaran,-3
menyabak,-5
feses,-5
gebok,-3
teles,-4
palolo,-4
liang jimak,-4
tertutup,-5
menyetor,-3
bunduk,-3
kebodohan,-3
potel,-5
bendu,-4
bermukim,-4
banat,-4
usrek,-5
mengejikan,-3
serindai,-5
memfatwakan,-3
lafal,-4
terlangkaui,-5
gembrot,-3
petanda,-3
sistematik,-3
cekluk,-4
tensi,-4
suni,-4
modal,-3
sama sekali,-3
sistematis,-3
larut,-5
berlepasan,-3
takaran,-5
osteoporosis,-5
ajang,-3
geret,-3
hakam,-3
terjengkang,-5
kerising,-4
penurunan,-5
kalang-kabut,-4
urita,-3
pelerai,-3
geletik,-3
congek,-3
ketus,-4
solek,-4
senyur,-4
berdakwa,-4
tersirep,-3
menusuk-nusuk,-4
memekik,-3
tumpasan,-5
susur tangan,-3
safinah,-3
robek,-3
mustaka,-3
menunggu,-3
cekatan,-3
ketul,-3
tercantol,-3
menginsinuasi,-4
menerima kenyataan,-4
korupsi,-4
menongkrong,-4
mengolet,-3
jengkel,-4
menggelup,-4
resah,-5
terlalah,-5
belati,-4
lahang,-3
laur,-4
caplak,-4
bertelanjang,-3
ocehan,-4
angguran,-4
puputan,-3
kiamat,-3
menyanggah,-4
menendang,-5
menginterupsi,-5
merunjang,-3
berserakan,-5
jerat semata,-3
eklektis,-3
pengantara,-3
menerpa,-3
mencura,-5
bersila,-4
menyerahkan jiwa raga,-4
menganeksasi,-5
waras,-3
mempertimbangkan,-3
naik darah,-4
sember,-4
percabangan,-4
menambak,-5
pencemaran,-4
jeput,-3
mengedrop,-4
mangut,-4
sorangan,-3
dangkal,-4
kesomplok,-4
mencengkelong,-5
pengang,-3
prosais,-3
gebung,-5
tercemas,-3
gabal,-5
menyayat hati,-4
menyela,-5
belu-belai,-4
membohongi,-3
kembung,-3
kehuru-haraan,-4
keliru,-5
serabutan,-5
batuk kecil,-4
gerepes,-4
tersayat,-5
samar,-5
ingsut,-3
siklon,-4
menentang,-5
rancap,-4
diskrepansi,-3
rancau,-3
berpusu,-3
gencat,-5
bertonggakkan,-4
puyan,-4
berkerumun,-4
terlalaikan,-3
enas,-5
memuakkan,-5
lincah,-3
rancak,-4
telantar,-4
mati pucuk,-5
congkak,-3
apkir,-4
berapat-rapat,-3
cakus,-4
menggasak,-5
morfin,-3
bongkong,-3
bersabung nyawa,-3
aco-acoan,-5
pencolek api,-4
menyikat,-5
timbangan,-5
bergajul,-5
erangan,-3
slebor,-5
bertebaran,-5
birah,-3
caci,-5
keluhan,-3
memuluskan,-5
tuah,-3
demek,-4
mencekik,-4
lihai,-4
bersempena,-3
menggunung,-3
berakar,-3
taut,-4
raguk,-3
tuas,-3
mala,-5
keder,-4
petugas,-3
mencamuk,-4
pusung,-3
kincit,-5
cemeh,-4
kafilah,-4
berhati walang,-3
terpisah,-5
menceret,-5
inaugurasi,-3
menjeburkan,-5
rompong,-3
tingau,-4
tahi,-5
menghina(kan) melanyak,-5
bertapa,-3
menyadau,-3
menyemangati,-4
permai,-4
cerita burung,-5
kelusuh-kelasah,-5
menuba,-5
tertunda,-3
mengonslah,-5
bengkok,-4
besar perut,-3
mengetes,-3
menimbang-nimbang,-3
marah,-5
buang air kecil,-3
sumbing,-4
seranah,-3
seman,-5
sigap,-3
wangsit,-3
mencungkil,-4
menguar,-3
membentak,-5
asumsi,-3
cupul,-5
berlompatan,-5
arbitrer,-5
kurang pikiran,-3
kerosek,-3
jobak,-3
serenging,-5
bertumbuk,-4
ranai,-4
hakiki,-4
geladir,-5
sangsi,-5
embat,-4
kesusahan,-5
garang,-5
bangkang,-4
lintar,-3
dangkap,-3
kejar,-3
menyerampang,-5
menganjurkan,-3
bekicot,-4
bangle,-4
usikan,-5
patuk,-5
daya upaya,-4
patut,-5
bertautan,-4
menyungkit,-4
lata,-5
bengkerap,-4
senat,-3
luntur,-3
kedut,-4
toboh,-4
tercerai,-3
senteng,-5
simpatik,-4
timbul,-3
timbun,-3
tercekluk,-3
kunarpa,-4
pialang,-3
penubuhan,-3
terudak,-3
berat ekor,-4
kasep,-4
keremus,-4
gagap,-5
mematut-matut,-3
cakap angin,-4
cercah,-5
menguburkan,-3
gembil,-4
hilang semangat,-4
mereken,-3
membakar,-4
menengahi,-5
sambit,-5
belingsat,-4
lembaga,-3
seluk-beluk,-4
menyita,-5
oyong,-4
membukukan,-5
menyebelah,-3
menancap,-4
bebat,-3
menyusup,-3
pendek akal,-3
kelengangan,-4
menyembilu,-4
mumi,-4
cempala mulut,-5
beralaskan,-4
tetesan darah,-3
bulsak,-4
pembabil,-4
kurang ajar,-5
angkup,-3
geregetan,-4
tinju,-5
mengisruhkan,-4
inferior,-4
titik berat,-3
bertengkar,-5
terdampar,-5
cempelung,-5
penata,-3
pun,-3
gempuran,-3
resesi,-5
bongkar-bangkir,-5
reca,-3
roh jahat,-4
pub,-4
berat otak,-4
bertarak,-3
mengias,-4
kemuraman,-5
penutur bahasa,-3
basi,-5
menyingsing,-3
penindasan,-4
sayu rayu,-3
tangisan,-5
ampel,-3
mengharukan,-4
tahu,-4
amtenar,-3
ketuat,-4
mengarik,-3
dongkel,-3
riuk,-3
wejang,-3
rompyok,-5
banyak cincong,-4
terbangai,-3
kuno,-5
ketumbukan,-4
ke belakang,-5
kesengsaraan,-5
sampai,-4
tekek,-3
mengeremus,-4
pumpun,-3
berlawanan,-4
sivilisasi,-3
batuk lelah,-4
laluan,-4
membeda-bedakan,-3
emper,-3
terdesak,-4
tumpul otak,-3
tertegak,-4
kebentok,-4
tersuruk,-5
bertalun-talun,-3
stori,-5
bongak,-5
bertokok,-3
renyem,-3
ruyup,-5
embus,-3
memperhitungkan,-3
jamin,-5
cumbuan,-3
gempita,-5
penarah,-3
berpada-pada,-3
tertuju,-3
menumpas,-5
akar,-3
berkilah,-4
gebang,-4
menonjolkan,-3
menggoyahkan menggerakkan,-4
menggema,-4
berkeras-kerasan,-4
memantai,-4
berkarat,-4
memantak,-4
gara-gara,-5
perbaraan,-4
legalisasi,-3
gurau,-4
ginding,-4
pukul,-4
tunggul,-3
menunjukkan,-3
karu,-5
kilang,-3
tosan aji,-4
mulut gapil,-4
agen,-3
menekankan,-3
balik adab,-5
menyelinap,-5
ketimpangan,-4
parlente,-4
sontak,-4
gendut,-3
gelis,-3
bersisalak,-4
melantak,-4
bertian,-3
pasal,-4
simak,-5
azimat,-4
menjalari,-3
kompleksitas,-4
mengerkau,-4
garit,-3
selubung,-5
jembalang,-4
tersirah,-5
beragam,-3
silang selisih,-4
kebangkitan,-5
amah,-5
ceracau,-4
cegak,-4
ceracam,-4
mengorek,-4
watu,-3
indolen,-4
goyah,-4
muflis,-4
kabin,-3
pekir,-4
penyelidikan,-5
semaput,-4
kempa,-3
serangan,-3
pukulan,-3
membobol,-5
kegaduhan,-3
cengung,-3
hamik,-3
kambuh,-4
tukar,-3
tukas,-5
bahlul,-5
merunyamkan,-3
menyodorkan,-3
beringsut,-3
sangit,-5
belendung,-3
malu mata,-4
bersiteguh,-4
peragaan,-3
bertemperasan,-3
meranggah,-3
reput,-3
kebirahan,-3
mengayunkan,-3
bertudung lingkup,-5
nyenyak,-4
sumpek,-4
berguam,-4
kada,-3
langkap,-3
menyalakan,-4
inai,-4
menggarangkan,-4
giang,-3
rayah,-5
menghabisi,-4
bersangkut,-4
langkan,-3
urun,-4
mencemat,-5
nyenyat,-4
bergolak,-5
berzina,-4
pencahayaan,-3
ternoda,-5
talun,-3
bedel,-4
kasip,-5
sila,-4
sapit,-3
terpa,-4
berselisih,-5
kerai,-4
oposisi,-3
hardik,-5
sifer,-3
menyakatkan,-4
meranyah,-5
penghambat,-5
gerombong,-4
merambak,-3
cadang,-5
gela,-3
penongkat senduk,-3
berserah,-4
lelembut,-4
menembis,-5
murus,-5
bertukar akal,-4
kemunduran,-5
rengeh,-3
angit,-5
tajak,-3
porak-poranda,-5
terjungkal,-5
reba,-5
meladeni,-5
retak,-4
karena,-3
belulang,-3
jembel,-5
biksah,-5
mayit,-4
tersampuk,-4
inga,-4
afiliasi,-4
mengendur,-3
menggelogok,-3
menghancurkan,-4
tercengung,-3
berpangku tangan,-4
meredik,-5
bangkai,-4
defisit,-3
getaran,-3
kelangkan,-3
tapa-tapa,-3
semenggah,-5
terkejar,-5
baktau,-5
uyuh,-3
pilu,-5
cendala,-5
mengempis,-3
memanggang,-4
bambung,-3
teperlus,-4
bandit,-5
omongan,-4
celaan,-5
berpalit-palit,-4
gaung,-3
semburan,-4
menyabung,-3
lecap,-4
dapra,-3
membocorkan,-4
tersara bara,-5
bergamit,-3
bersempuras,-3
mengonyok,-3
serakan,-3
maherat,-4
onak,-4
kecabuhan,-3
merapunkan,-4
bergosok,-3
dum,-3
satire,-3
getap,-4
terjerumus,-4
jeraus,-3
melulu,-3
khabis,-3
penyadur,-3
pangkal kerongkongan,-5
awut,-4
kronis,-5
parokial,-3
cotok,-3
antun,-3
kuyu,-5
memerli,-5
beranang,-3
nanar,-4
nakal,-5
mendungas,-3
senyap,-4
tertindas,-5
grip,-4
berburuk,-4
huda,-3
kayangan,-5
alai-belai,-3
domba,-3
menyiksa,-5
sumpah serapah,-5
kekotoran,-5
rim,-3
cerup,-3
jotos,-5
ragam,-4
menggoyangkan,-4
geladah,-3
lingsir,-5
obsolet,-5
bengis,-5
ongkang-ongkang,-4
anggai,-3
gemeletek,-4
memaki,-5
gering,-5
memaku,-3
berpadu,-3
menelanjangi,-4
pusing keling,-5
nyanyang,-5
dekil,-5
cahari,-3
seluk beluk,-4
gemblung,-3
kenyih,-4
bergaduh,-5
bentrok,-5
seko,-3
gabuk,-4
berseloroh,-4
keletah,-3
merencah,-4
mendongkolkan,-5
sampuk,-3
langis,-5
cempera,-5
malapetaka,-5
peluru,-3
lacur,-5
mendiskreditkan,-4
kendatipun,-3
berkolusi,-5
garib,-4
mendebarkan,-4
berengsaan,-4
guyon,-4
butek,-3
menyamakan,-3
meremang,-3
kolaps,-5
bengap,-3
menyabot,-3
menekan,-3
bertentangan,-4
bergaung,-3
keaiban,-5
meruak,-4
menampik,-4
ke-tidakjelasan,-5
berganggang,-3
menggunting,-3
pretel,-4
intimidasi,-5
penghukuman arestasi,-3
mendidis,-4
mendidih,-3
membabat,-4
bukat,-4
sunam,-3
pengotoran,-4
mengejutkan,-3
tertubruk,-4
sambaran,-3
begana-begini,-4
hantam kromo,-4
babil,-4
berpuaka,-3
mengazabkan,-3
melaknat,-5
berpura-pura,-4
meloya,-4
mengedut,-5
cobaan,-5
hengkang,-4
leler,-4
menindas,-5
dompleng,-3
dahiat,-5
menyemak,-5
menggeligis,-4
minimal,-3
menggarit,-3
haru biru,-5
cempung,-4
memadatkan,-3
tanggungan,-3
budek,-3
barbar,-5
sobek,-3
berperang hati,-4
tidak,-5
kebingungan,-3
munding,-3
letup,-3
letus,-4
modar,-5
berduyun-duyun,-3
menengking,-5
singkat akal,-3
menyalak,-3
hasad,-5
penyanggah,-4
menggilas,-4
mengudak,-4
alahan,-3
kekerasan,-4
kelamin,-3
mengoyok,-4
kelengar,-4
lopak-lapik,-4
setimpal,-5
mariyuana,-3
terjerohok,-4
ringkik,-3
caba,-4
mengembus,-4
kobaran,-3
menggelingsir,-3
leduk,-4
serengit,-4
sentilan,-5
menggelinyau,-3
menggondol,-5
aksa,-4
berdengus,-3
memikat,-4
serik,-3
otak ayam,-5
mengenyam,-3
membegal,-5
pengingkaran,-3
meruntun,-5
hinaan cacian,-5
benah hati,-3
luncas,-3
pengecoh,-4
syak,-3
bergumam,-3
bimbang,-5
mengorup,-5
cura,-3
berkerubung,-4
beradu mulut,-4
boleh juga,-3
bergerombol,-4
invalid,-5
bercempera,-5
menggagalkan,-3
argumen,-4
terkuak,-5
beramuk,-4
membeslah,-4
beol,-5
caruk,-4
mencengkam,-4
berbanding,-3
carut,-5
sipongang,-3
membajak,-5
awur,-4
aiku,-5
berkhianat,-5
bergoyah,-4
menuntut,-3
timpuk,-5
balik gagang,-5
berlipat ganda,-3
berkeping-keping,-5
mengagak-agak,-3
bentak,-5
bentan,-4
kematian,-5
miskin,-5
kesuraman,-5
pekuk,-3
praduga,-3
mengambang,-5
kepenatan,-4
kekecewaan,-3
caci maki,-5
menangkal,-4
membandingkan,-3
fatal,-5
celih,-4
manasuka,-4
perang mulut,-5
peradam,-5
goyang,-4
menyayung,-4
sabil,-4
terpuruk,-4
bahaya,-5
berbohong,-4
menaklukkan,-4
mengoleng,-3
beloon,-3
terkam,-4
horor,-5
lutu,-4
bantar,-4
akut,-5
terguncang,-3
usak,-3
serampangan,-5
kikis,-5
comblang,-5
jalang,-4
menghasut,-4
polusi,-4
sumarah,-4
seleder,-5
buncah,-5
korup,-5
kabil,-4
puaka,-4
kecaman,-5
berbisa,-5
purbasangka,-3
menampakkan diri,-3
kecapan,-4
jarum,-4
awut-awutan,-5
terjepit,-4
kicik,-3
gelopak,-4
mendapati,-4
kekhawatiran,-4
peretel,-4
ngotot,-4
karangan,-4
pertentangan,-5
tumbang vertikal,-3
tersusul,-3
berperai-perai,-5
meleja,-5
mencebur,-5
burai,-5
kecantol,-3
bala bencana,-5
menceng,-4
berceloteh,-4
sesat pusat,-4
menipu,-3
aksioma,-3
mencerkau,-4
terempas,-5
belas,-3
tua bangka,-3
walau,-3
jelas,-3
daki,-4
bulan-bulanan,-4
menyesalkan,-5
menghancurluluhkan,-4
jiplak,-3
dedemit,-4
janggal,-4
bertingkuh,-4
menaruh syak,-3
kepincangan,-4
sudi,-3
berdesakan,-3
penghalang,-5
penis,-5
urgen,-4
memidana,-3
badai,-4
seringing,-4
merisak,-4
redang,-4
ancai,-5
menyawar,-5
terambau,-5
berhujah,-4
amat sangat,-3
menukik,-4
mempertaruhkan,-3
menggadaikan,-3
jeran,-3
memegat,-3
menegangkan,-4
slip,-5
menjerit,-3
terpojok,-4
silu,-5
pentung-pentungan,-4
deraan,-5
menggebos,-5
berdusta,-4
cuai,-4
berpencaran,-3
menjelek-jelekkan,-4
tedak,-4
pales,-4
mendesak,-4
menggempur,-4
brengsek,-5
menggaduhkan,-4
membatasi,-3
ranyah,-5
menjunam,-4
merandu,-4
gulana,-4
belaian,-3
menggigih,-4
batal,-5
gegetun,-4
melepek,-4
pegal hati,-4
butut,-5
rendah,-5
memerusa,-4
ciuman,-3
plongah-plongoh,-3
wawa,-3
beradu lidah,-3
memorakporandakan,-3
murka,-4
dungu,-5
terlulur,-3
kelati,-3
raba,-3
buhuk,-4
semprotan,-5
bergosokan,-3
lindap,-3
harap-harap,-5
geretan,-4
ingar,-5
labuda,-3
nihil,-4
kelesuan,-5
suram,-5
menghukumkan,-3
amburadul,-5
ceceran,-3
mencoret,-3
buang air,-5
pemerasan,-4
mencekuh,-3
mengentak,-3
keributan,-5
terhambat,-4
menodai,-5
cerai-berai,-5
randek,-3
banal,-3
bogem,-5
kritik,-5
penyekutuan (Allah),-5
menerjunkan,-5
kehampaan,-3
menggelisahi,-4
ladah,-5
terlanggar,-4
bertumbangan,-3
mengeruh,-3
residivis,-5
kritis,-5
bersekutu,-5
terperuk,-4
lajat,-5
berlinang,-3
celonok,-3
membuncahkan,-4
kewalahan,-3
kernyih,-4
melankoli,-5
hardikan,-5
meragu,-4
mencirit,-5
lungse,-4
orang halus,-4
bufer,-3
buas,-5
sajen,-4
liplap,-3
cacian,-5
zat pemabuk,-3
gamak,-4
retas,-3
gamam,-4
terlewat,-3
capak,-4
kufur,-5
capai,-5
bercak,-5
menyelak,-4
gulung tikar,-5
cabik,-3
kelatahan,-5
memberhentikan,-5
mengekol,-3
gohong,-3
mengubur,-3
amandel,-5
kepetangan,-3
kelompang,-3
udi,-5
tilas,-3
sakit-sakitan,-4
asal-asalan,-5
hampa,-5
melenyapkan,-5
timburu,-5
idap,-5
perban,-3
boksen,-5
menyabung (nyawa),-3
pampat,-5
defekasi,-5
lalat hijau,-5
membawat,-5
mengirap,-3
mengirat,-5
menolok,-3
perlina,-3
terban,-4
membongkar,-4
hitam,-4
blobor,-3
merampus,-5
menghembalang,-3
mencekak,-4
cemburu,-5
tumpul,-3
guruh,-3
gurub,-5
batuk-batuk,-4
tumpur,-5
putau,-3
ifrit,-4
lengkur,-3
menyelentik,-4
embal,-4
melahap,-5
jangkit,-5
bencana,-5
berparak,-4
tunasusila,-5
ampas,-3
meminta (kpd Tuhan),-3
meralip,-5
kepalan,-5
menggalakkan,-4
tangkapan,-3
menghardik,-5
menundukkan,-4
memvonis,-3
rompoh,-4
terpancang,-3
menghantui,-4
silap,-4
habis akal,-5
kabar burung,-5
perdebatan,-3
silam,-4
histeris,-4
tegur ajar,-5
lali,-4
kemamang,-4
incang-incut,-4
memikul,-5
ganar,-4
ganas,-5
influensa,-3
durjana,-5
tabrak,-3
menconteng,-3
pelesit,-4
lumut,-3
menyimpang,-4
mencalit,-3
goncang,-3
bergumul,-4
membencanai,-4
gelisah,-5
redam,-5
kenestapaan,-3
sidik midik,-3
stagnasi,-5
lingkup,-5
blaster,-3
merentak,-3
bertubrukan,-4
penuh sesak,-3
sentakan,-5
bergesel,-3
rempak,-4
bergesek,-3
diskredit,-4
kelam,-4
bujukan,-3
mengamput,-3
penyalut,-3
terpukul,-4
teralienasi,-3
bertitikan,-3
berlengkesa,-3
durkarsa,-5
sesat,-4
pusang,-5
sempelah,-4
menurunkan,-5
romong,-4
morat-marit,-3
gebu,-3
murca,-4
lisut,-4
distingsi,-4
kekecohan,-5
menjeramah,-4
menjiplak,-3
garwa ampil,-5
sara,-3
penganggur,-4
menggerenyam,-3
epigon,-3
merayau,-4
merentang-rentang,-5
merayap,-3
berbantah,-5
aparat,-3
menyaman,-4
krisis,-4
pengap,-4
keras kepala,-4
lawas,-4
minim,-3
menyingkapkan,-4
terserak,-3
menggarong,-5
kuwur,-4
cerita rekaan,-4
tercengang-cengang,-3
bosman,-4
kebisuan,-4
domot,-5
sirna,-5
suka mengganggu,-4
memenggal lidah,-5
ekofraksia,-5
penelik,-3
kelebihan,-3
menggeramus,-4
sayu rawan,-3
menyepuk,-5
berkupak,-3
cemoohan,-4
menggila,-4
beleter,-4
menjahatkan,-4
anom,-4
begal,-5
rawak,-5
kasemat,-3
rawan,-5
abnormalitas,-4
cemuas,-4
dam,-3
menyinggang,-4
penarung,-4
merasi,-3
ludes,-5
pedas,-4
pedar,-4
waswas,-3
menonjok,-3
aju,-3
buang hajat,-5
membosankan,-3
bala,-5
ketaksaan,-5
rombengan,-4
memarap,-3
larat,-3
pelor,-3
gastroenterologi,-5
membentur,-3
karang,-3
ongok,-3
tersaku,-3
menagak,-5
safih,-4
tulang punggung,-3
mengganas bercabul,-4
jaras,-5
rengsa,-5
menyerang,-3
membeset,-4
cuca,-3
bebel,-5
konveks,-3
histeria,-5
menahan,-5
menguyuh,-3
silang sengketa,-4
berbenturan,-4
korek api,-4
lambat-lambat,-4
adu,-3
pemantik api,-4
besot,-3
resultan,-3
mengerubuti,-4
resurjensi,-5
merenungi,-3
melalap,-4
muring,-5
kepercayaan,-3
geletar,-4
bertengkaran,-4
iringan,-4
menyeka,-4
menyelekehi,-3
cincong,-5
penghilangan,-3
melalah,-4
melalak,-3
bingit,-5
ronggang,-3
tunggakan,-4
rumbing,-4
lenyap daratan,-4
jenazah,-4
candal,-5
canda,-3
gempil,-4
membeber,-4
kritikan,-5
baret,-3
mencekam,-4
kelelahan,-3
sadur,-3
bertempiar,-3
silap mata,-5
bantai,-5
serutu,-3
empos,-3
gempur,-4
mampu,-4
bedeng,-3
berguncang,-5
menyilam,-3
belam,-3
usah,-5
belai,-4
cegat,-3
merajalela,-4
lancut,-4
tertabrak,-4
tampik,-4
penipu,-4
mengganjarkan,-3
tikai,-4
iris,-4
bisul,-4
kejorokan,-5
gundah,-5
bangkrut,-5
berusuh,-5
terbang pikiran,-4
kera,-3
cengkedi,-4
menyanggupi,-5
cocor,-3
menyolidkan,-3
kampungan,-5
ayal,-3
bersuka-suka,-3
teriris,-5
berjejal-jejal,-3
jejap,-4
belang,-5
teragung,-4
alat negara,-3
banci,-5
mengingsar,-3
bertikai,-5
hancai,-5
menggemuruh,-4
menuguri,-3
ilat,-5
sempuras,-3
menyelar,-4
menyadran,-4
mencium tanah,-5
mangkir,-3
berantakan,-5
bacar mulut,-4
menguit,-4
kemesuman,-5
gamblang,-5
berkemam,-3
berkemal,-4
berkeluarga,-4
bersalahan,-4
mambang,-4
pengetam,-3
mengecewakan,-3
lalai,-4
ragu-ragu,-3
gaib,-5
gilas,-4
ajuk,-5
sesalan,-5
menerjang,-3
mengempang,-5
mengencang,-3
kenistaan,-5
mengazab,-3
beloh,-5
belot,-5
mengguncangkan,-4
meronta,-3
melenceng,-3
kecut,-4
jeblok,-5
mengerinyau,-3
gertak,-5
berkurap,-4
buari,-4
mendekap,-3
duri,-4
mendakwa,-4
berperang mulut,-3
dura,-3
alku,-5
menyampuk,-3
lelap,-5
terselubung,-5
meleset,-3
tercelampak,-5
menghinggut,-3
gegar,-3
melelapkan,-3
jalan setapak,-4
jalan tikus,-4
tangis,-5
kejangkitan,-4
menyunggit,-4
bondong,-4
gerenyot,-4
menghitamkan,-4
berlebih,-3
derum,-4
memberangsangkan,-4
mencoreng,-4
musnah,-5
memijak,-3
keseleo,-3
grecok,-4
menyorong,-3
kecerobohan,-5
genah,-5
mengemu,-3
terselip,-3
fakta,-3
rembas,-5
rampak,-5
tengkingan,-5
terpencil,-5
kepinding,-5
kekeliruan,-5
leyu,-4
sebanding,-3
gebos,-3
pilak,-5
cacing keremi,-4
nyenyeh,-4
kantong kering,-4
senewen,-4
jebol,-3
mahal,-5
lambat,-4
salah,-4
gangguan,-3
malu,-3
berhenti,-2
penuh,-5
siksa,-5
lama,-4
kurang baik,-4
korban,-4
bodoh,-4
manja,-2
tunggu,-3
aus,-5
mumet,-4
celaka,-4
alay,-5
ampas,-5
buta,-5
keparat,-5
anjing,-5
anjir,-5
babi,-5
bacot,-5
bajingan,-5
banci,-5
bandot,-5
buaya,-5
bangkai,-5
bangsat,-5
bego,-5
bejat,-5
bencong,-5
berak,-5
bisu,-5
celeng,-5
jancuk,-5
bodoh,-5
berengsek,-5
budek,-5
burik,-5
jamban,-5
cocot,-5
congor,-5
culun,-5
cupu,-5
dongok,-5
dungu,-5
edan,-5
tai,-5
ngewe,-5
geblek,-5
gembel,-5
gila,-5
goblok,-5
iblis,-5
idiot,-5
jablay,-5
jembud,-5
jembut,-5
jijik,-5
kacrut,-5
kafir,-5
modar,-5
kampang,-5
kampret,-5
kampungan,-5
kimak,-5
kontol,-5
kunti,-5
tuyul,-5
kunyuk,-5
mampus,-5
memek,-5
monyet,-5
najis,-5
nete,-5
ngentot,-5
noob,-5
pecun,-5
perek,-5
sampah,-5
sarap,-5
setan,-5
silit,-5
bokong,-5
sinting,-5
sompret,-5
sontoloyo,-5
terkutuk,-5
titit,-5
pantat,-5
tolol,-5
udik,-5
antek,-5
asing,-5
ateis,-5
sitip,-5
autis,-5
picek,-5
ayam kampus,-5
bani kotak,-5
bispak,-5
bisyar,-5
bokep,-5
bong,-5
cacat,-5
cct,-5
cebong,-5
taplak,-5
cungkring,-5
gay,-5
gembrot,-5
gendut,-5
hina,-5
homo,-5
komunis,-5
koreng,-5
krempeng,-5
lengser,-5
lesbi,-5
lgbt,-5
lonte,-5
mucikari,-5
munafik,-5
ngaceng,-5
nista,-5
kejam,-5
onta,-5
panastak,-5
panasbung,-5
bani,-5
pasukan nasi,-5
porno,-5
seks,-5
rejim,-5
rezim,-5
sange,-5
serbet,-5
sipit,-5
transgender,-5
korupsi,-5
tikus,-5
maling,-5
malinx,-5
ngentod,-5
kontol,-5
jembod,-5
jembot,-5
pukki,-5
kimak,-5
kampang,-5
keparat,-5
bajingan,-5
tolol,-5
gay,-5
gatel,-5
tempik,-5
ngewe,-5
bangsad,-5
badboy,-5
memek,-5
haram,-5
ass,-5
asshole,-5
kuntul,-5
gapleki,-5
gaplek,-5
cuk,-5
coeg,-5
cok,-5
jancok,-5
elek,-4
larang,-3
tumbal,-3
tunda ,-2
gangguan ,-3
mogok,-3
gangu,-2
telat,-3
molor,-3
sempit,-3
padat,-2
buluk ,-5
salah,-5
sasaran,-5
tidak,-5
tepat,-5
korup,-5
koruptor,-5
makan ,-5
hak,-5
miskin,-5
himpit,-5
boros,-5
flexing,-5
hidup,-5
mewah,-5
serakah,-5
problem ,-5
konser,-5
junkir,-5
coffeshop,-5
caffe,-5
tipu,-5
